run,raw_complete_observed,final_phase,running_to_complete_s,first_moving_after_running_s,last_moving_after_running_s,movement_span_s,zero_speed_finish_wait_s,measured_speed_count,speed_p50,speed_p95,speed_p99,speed_max,cross_track_count,absolute_cross_track_p95,absolute_cross_track_max,source_age_p99_s,source_age_max_s
172123_v05_short,False,READY,,0.129039861,8.724711344000001,8.595671483,,1677,0.4923957423491511,0.5112114549321282,0.5138294800043884,0.5177180718461839,76,0.050224,0.059088,0.00989990000000002,0.013152
172739_v05_lap01,False,FAULT,,0.221097692,38.820700321000004,38.599602629,,7660,0.4930709406147161,0.5119814899206591,0.5178899272847179,0.5219243283899409,379,0.0371526,0.042088,0.011487499999999993,0.016291
173245_v05_lap02,False,READY,,,,,,0,,,,,0,,,,
175129_v10_lap01,True,COMPLETE,38.102948154,0.272658815,36.905665904,36.633007089,1.19728225,7288,0.9893814458078942,1.0142724260821656,1.0242905003116896,1.0424200108074453,367,0.0415025,0.047721,0.010001799999999977,0.013997
180217_v12_n25_lap01,False,READY,,,,,,0,,,,,0,,,,
185351_v12_n15_independent_lap01,True,COMPLETE,32.700966266,0.20647256400000003,31.940224736,31.733752172000003,0.76074153,6313,1.184296677877393,1.2155013526509242,1.223869977963666,1.2459272917286397,317,0.0507256,0.065356,0.010961039999999972,0.015025
185831_v15_n15_independent_lap01,False,READY,,0.2268724,11.52415446,11.29728206,,2245,1.2445849254165027,1.5262589312347223,1.5358170620854825,1.5409406733399644,86,0.0656535,0.074858,0.008594519999999998,0.009086
190404_v15_n15_cap4_lap01,True,COMPLETE,28.701372340000002,0.05769657500000001,27.514692007,27.456995432000003,1.186680333,5438,1.4582125580106595,1.518269850754005,1.523751030431811,1.529686954258658,274,0.07113625,0.115128,0.009575819999999981,0.013812
190848_v18_n15_accel1_cap4_lap01,True,COMPLETE,25.505316402000002,0.261518759,23.914944155,23.653425396000003,1.5903722470000001,4699,1.5998176521187606,1.8294677946029771,1.8594843639115206,1.883502398595507,237,0.0762702,0.090778,0.010675239999999978,0.014542
191317_v22_n15_accel1_cap4_lap01,False,FAULT,,0.25306765200000003,7.1871949530000006,6.934127301,,1383,1.3810620239614617,2.008300583663537,2.102827752400968,2.1099718204609292,64,0.0738436,0.08987,0.006914029999999991,0.010124
192020_v22_n15_accel1_cap4_lap02_clockfix,True,COMPLETE,24.003085937,0.255582798,22.97738254,22.721799742,1.025703397,4516,1.5332378407908926,2.22986348827348,2.262623428716295,2.2793197320354857,227,0.0815565,0.106824,0.00935734000000001,0.010536
192725_v26_n15_accel1_cap4_lap01,True,COMPLETE,23.100871339,0.222448525,22.103565003,21.881116478000003,0.9973063360000001,4344,1.5599938587361264,2.5358617882462173,2.66977045633389,2.6868989683909517,218,0.07653689999999999,0.092899,0.012683339999999998,0.017639
192955_v35_n15_accel1_cap4_lap01,True,COMPLETE,31.800113676000002,0.263958585,21.918502566,21.654543981,9.881611110000001,4310,1.5594075809459174,2.5805299460115956,2.839104599273983,2.8873827295678116,217,0.0887142,0.100552,0.009876360000000002,0.021379
193524_v35_n15_accel1_cap4_lap02,True,COMPLETE,22.900060259,0.23398131500000002,22.31893968,22.084958365000002,0.581120579,4370,1.5463396816347879,2.582818603811415,2.83445035928527,2.8845267654890883,219,0.0889296,0.100669,0.01023720000000003,0.012585
