run,cruise_mps,hard_cap_mps,horizon,dt_s,accel_mps2,brake_mps2,combined_acceleration,terminal_phase,monitor_complete,physical_complete_manifest,complete_observed_elapsed_s,movement_span_measured_s,finish_wait_after_last_moving_s,geometric_lap_s,progress_fraction,measured_speed_count,measured_speed_p50,measured_speed_p95,measured_speed_max,abs_cross_track_p95_m,abs_cross_track_max_m,request_count,accepted_count,solver_validation_failed_count,deadline_expired_count,generation_cancelled_count,takeover_infeasible_count,terminal_pending_cancel_count,complete_p95_ms,complete_p99_ms,complete_max_ms,native_p95_ms,native_p99_ms,native_max_ms,publication_gap_max_ms,runtime_has_shutdown_summary
172123_v05_short,0.5,1.5,10.0,0.1,0.5,0.5,,READY,,,,7.866386177999971,,,,3126,0.49529272545833203,0.5113866723147938,0.5177180718461839,,,159,159,0,0,0,0,0,2.39415820005888,5.676582460005175,7.72040599997581,1.379704199999999,2.4388794599999954,2.70098,29.614198999979635,True
172739_v05_lap01,0.5,1.5,10.0,0.1,0.5,0.5,,FAULT,False,,,37.893728365000015,,,,372,0.4934918325519392,0.5114250142519113,0.5214482631106144,0.0371139,0.042088,763,763,0,0,0,0,0,2.1909620999508657,3.976180819947785,6.989550000071176,1.2785858999999997,2.5881486999999996,6.19633,29.82377200009978,True
173245_v05_lap02,0.5,1.5,,,0.5,0.5,,DISABLED_PREPARATION,,False,,,,,,0,,,,,,0,0,0,0,0,0,0,,,,,,,29.446140999993986,True
175129_v10_lap01,1.0,1.5,10,0.1,0.5,0.5,,COMPLETE,True,,38.125080585479736,36.52953410300006,1.2903689324798506,,,359,0.9893787232337079,1.0146703587168036,1.0376091387818145,0.041537899999999996,0.047721,759,759,0,0,0,20,1,2.621594900256241,4.9180973200509435,9.954006000043591,1.6706093000000004,4.188296499999997,7.350630000000001,30.024375999801123,True
180217_v12_n25_lap01,1.2,1.5,25,0.1,0.5,0.5,,DISABLED_PREPARATION,,,,,,,,0,,,,,,0,0,0,0,0,0,0,,,,,,,25.03088799994657,True
182112_v12_n15_lap01,1.2,1.5,15,0.1,0.5,0.5,,DISABLED_PREPARATION,,,,,,,,0,,,,,,0,0,0,0,0,0,0,,,,,,,32.174125999517855,True
185351_v12_n15_independent_lap01,1.2,1.5,15,0.1,0.5,0.5,False,COMPLETE,True,True,32.797879219055176,31.70828218999941,0.7866159530558434,,0.9949691289891325,312,1.184194492582665,1.215178388539927,1.2427374614756703,0.05073135,0.065356,653,653,0,0,0,9,0,2.499548199739365,4.241943559827634,5.445128999781446,1.2751119999999996,2.961672960000004,4.139417,28.484284000114712,True
185831_v15_n15_independent_lap01,1.5,1.5,15,0.1,0.5,0.5,False,READY,False,False,,8.664455221000026,,,0.2947449064815406,86,1.3054928476589347,1.526327449045523,1.5405558806793986,0.0656535,0.074858,179,151,28,0,0,36,0,3.3875863996399858,4.976176580421451,7.029439999314491,2.1722035999999996,3.9383908399999994,4.109443,26.748236999992514,True
190404_v15_n15_cap4_lap01,1.5,4.0,15,0.1,0.5,0.5,False,COMPLETE,True,True,28.79679584503174,27.26969416400061,1.2211239970310999,,0.9938089464065111,268,1.4572531008751752,1.5181826327035772,1.5263688134783702,0.07121274999999999,0.115128,573,573,0,0,0,19,0,2.4275022002257165,4.346852559829114,6.902361000356905,1.3806833999999995,2.3094181599999866,6.270537,28.515948999483953,True
190848_v18_n15_accel1_cap4_lap01,1.8,4.0,15,0.1,1.0,1.0,False,COMPLETE,False,,26.047192573547363,23.583625685999323,2.158763564547371,,0.9934200278445896,232,1.598507132649618,1.8308908026449768,1.8793739338022537,0.0763067,0.090778,499,499,0,0,0,24,1,3.289671500260738,6.935884500053355,11.980137000136892,1.9919465999999995,4.706822339999997,6.802889,30.631929999799468,True
191317_v22_n15_accel1_cap4_lap01,2.2,4.0,15,0.1,1.0,1.0,False,FAULT,False,False,,6.412208376999843,,,0.2490833516060922,64,1.3876806659786447,1.980915174316578,2.1071875181328372,0.0738436,0.08987,134,133,0,0,1,0,0,3.979089850690797,8.076455320460783,9.118845000557485,2.337931949999999,5.556640409999978,7.4958990000000005,31.592712000019674,True
192020_v22_n15_accel1_cap4_lap02_clockfix,2.2,4.0,15,0.1,1.0,1.0,False,COMPLETE,True,True,24.010803699493408,22.590783583999837,1.1173494214936,,0.9955957847406687,222,1.5452062606095924,2.2297746673547105,2.2757292728471223,0.08162385,0.109246,477,477,0,0,0,19,0,4.650356999809445,7.397429639349866,13.143189000402344,2.8241408,5.060667840000002,7.667028,27.765839000494452,True
192725_v26_n15_accel1_cap4_lap01,2.6,4.0,15,0.1,1.0,1.0,False,COMPLETE,True,True,23.178318977355957,21.884532358999422,0.9926178783562136,,0.9931626311010268,214,1.5531708415746832,2.5179367510470443,2.6848431862488895,0.07588455,0.092899,461,461,0,0,0,19,0,3.4051639995595906,5.45533480017184,9.195771999657154,2.059412,3.6373264,5.948980000000001,27.643907999845396,True
192955_v35_n15_accel1_cap4_lap01,3.5,4.0,15,0.1,1.0,1.0,False,COMPLETE,True,True,31.834038019180298,21.61208995099969,9.91914822418039,,0.9934977099726525,213,1.5695307195431774,2.581539711960671,2.8800572502220407,0.08881239999999999,0.100552,635,635,0,0,0,103,1,4.000696400180457,6.497771979975366,8.373636999749579,2.321347199999999,3.7805811599999917,5.760192,27.64208400003554,True
193524_v35_n15_accel1_cap4_lap02,3.5,4.0,15,0.1,1.0,1.0,False,,,,,,,,,0,,,,,,457,457,0,0,0,14,1,2.6557092005532463,4.6112835598614765,5.822060000355123,1.3578455999999999,2.7336911999999995,4.127633,31.707483998616226,False
