bundle,cruise_mps,hard_cap_mps,accel_mps2,brake_mps2,ay_planner_mps2,physical_length_m,min_profile_mps,max_profile_mps,median_profile_mps,ideal_rolling_time_s,max_abs_curvature_per_m,acceleration_propagated_fraction
bundle-v12-n15,1.2,1.5,0.5,0.5,1.0,33.4711098095776,1.0544123239637635,1.2,1.2,27.947527999823965,0.900679281270459,0.012875
bundle-v12-n15-bounded-sqp,1.2,1.5,0.5,0.5,1.0,33.4711098095776,1.0544123239637635,1.2,1.2,27.947527999823965,0.900679281270459,0.012875
bundle-v12-n15-independent-accel,1.2,1.5,0.5,0.5,1.0,33.4711098095776,1.0544123239637635,1.2,1.2,27.947527999823965,0.900679281270459,0.012875
bundle-v12-n15-sqp-probe,1.2,1.5,0.5,0.5,1.0,33.4711098095776,1.0544123239637635,1.2,1.2,27.947527999823965,0.900679281270459,0.012875
bundle-v12-n15-sqp-stat01-probe,1.2,1.5,0.5,0.5,1.0,33.4711098095776,1.0544123239637635,1.2,1.2,27.947527999823965,0.900679281270459,0.012875
bundle-v12-n25,1.2,1.5,0.5,0.5,1.0,33.4711098095776,1.0544123239637635,1.2,1.2,27.947527999823965,0.900679281270459,0.012875
bundle-v12-n25-dt05,1.2,1.5,0.5,0.5,1.0,33.4711098095776,1.0544123239637635,1.2,1.2,27.947527999823965,0.900679281270459,0.012875
bundle-v12-n25-margin03,1.2,1.5,0.5,0.5,1.0,33.4711098095776,1.0544123239637635,1.2,1.2,27.947527999823965,0.900679281270459,0.012875
bundle-v12-n25-rti4,1.2,1.5,0.5,0.5,1.0,33.4711098095776,1.0544123239637635,1.2,1.2,27.947527999823965,0.900679281270459,0.012875
bundle-v12-n25-rti8,1.2,1.5,0.5,0.5,1.0,33.4711098095776,1.0544123239637635,1.2,1.2,27.947527999823965,0.900679281270459,0.012875
bundle-v15-n15-independent-accel,1.5,1.5,0.5,0.5,1.0,33.4711098095776,1.0544123239637635,1.5,1.5,23.23935332638337,0.900679281270459,0.18325
bundle-v15-n15-independent-accel-cap4,1.5,4.0,0.5,0.5,1.0,33.4711098095776,1.0544123239637635,1.5,1.5,23.23935332638337,0.900679281270459,0.18325
bundle-v18-n15-accel1-cap4,1.8,4.0,1.0,1.0,1.0,33.4711098095776,1.0544123239637635,1.8,1.8,20.523471927213482,0.900679281270459,0.1826
bundle-v22-n15-accel1-cap4,2.2,4.0,1.0,1.0,1.0,33.4711098095776,1.0544123239637635,2.2,1.9182672689382319,18.98796312304484,0.900679281270459,0.388175
bundle-v26-n15-accel1-cap4,2.6,4.0,1.0,1.0,1.0,33.4711098095776,1.0544123239637635,2.6,1.9182672689382319,18.45613734483511,0.900679281270459,0.56145
bundle-v35-n15-accel1-cap4,3.5,4.0,1.0,1.0,1.0,33.4711098095776,1.0544123239637635,2.9902711648813316,1.9182672689382319,18.359848814771645,0.900679281270459,0.7057
